Website URL,Summary,flag,username,timestamp
https://careers-bmwtechworks.peoplestrong.com/home,,,,2026-06-29 01:21:48.781394
https://www.youtube.com/watch?v=4Urd0a0BNng&list=PL_z_8CaSLPWekqhdCPmFohncHwz8TY2Go&index=23,"# 📌 Website Summary

## 🚀 Key Takeaways
• The webpage is about a YouTube video titled ""19 Longest common subsequence Recursive"".
• The video is likely about a programming concept called the Longest Common Subsequence (LCS) and its recursive solution.
• The page also provides links to various YouTube features and policies.

---

## 🎯 What is this Website About?
This webpage is about a specific YouTube video that focuses on the Longest Common Subsequence problem, solved using recursion. The Longest Common Subsequence is a **programming concept** that finds the longest sequence of characters or items that two or more sequences have in common. 

---

## 📚 Main Topics
### Introduction to Longest Common Subsequence
The Longest Common Subsequence is a problem in **computer science** where we try to find the longest sequence that appears in two or more sequences. 

### Recursive Solution
A **recursive solution** is a way to solve a problem by breaking it down into smaller versions of the same problem. In this case, it's applied to the Longest Common Subsequence problem.

---

## ⚙️ How It Works (if applicable)
The video likely explains how to use recursion to solve the Longest Common Subsequence problem, but the specifics are not provided on this webpage.

---

## ⭐ Important Features
• **Video Title**: ""19 Longest common subsequence Recursive"" suggests it's part of a series or a specific lesson.
• **YouTube Features**: The page links to various YouTube features like pressing, copyright, and terms.

---

## 💡 Why This Matters
Understanding the Longest Common Subsequence and how to solve it recursively can be important for **computer programming** and **data analysis**, helping in tasks such as comparing genetic sequences or text files.

---

## ⚠️ Things to Remember
> The webpage does not clearly mention the specifics of the video content or its target audience.

---

## 📊 Important Numbers or Facts
| Item | Value |
| ---- | ----- |
| Video Title | 19 Longest common subsequence Recursive |

---

## 🧠 Simple Example
Think of the Longest Common Subsequence like finding the longest word that appears in two different sentences. For example, if we have the sentences ""I like apples"" and ""Apples are yummy"", the longest common subsequence would be ""apples"".

---

## ✅ Final Summary
This webpage is about a YouTube video titled ""19 Longest common subsequence Recursive"", which likely discusses solving the Longest Common Subsequence problem using recursion. The video is part of a programming or computer science lesson. The specifics of the video content are not provided on the webpage, but understanding the Longest Common Subsequence is important for various applications in computer programming. The webpage also provides access to YouTube's features and policies.",,,2026-06-29 01:32:53.813452
https://www.youtube.com/watch?v=4Urd0a0BNng&list=PL_z_8CaSLPWekqhdCPmFohncHwz8TY2Go&index=23,"# 📌 Website Summary

## 🚀 Key Takeaways
• The webpage is about a YouTube video titled ""19 Longest common subsequence Recursive"".
• The video is likely about a programming concept called the Longest Common Subsequence (LCS) and its recursive solution.
• The page also provides links to various YouTube features and policies.

---

## 🎯 What is this Website About?
This webpage is about a specific YouTube video that focuses on the Longest Common Subsequence problem, solved using recursion. The Longest Common Subsequence is a **programming concept** that finds the longest sequence of characters or items that two or more sequences have in common. 

---

## 📚 Main Topics
### Introduction to Longest Common Subsequence
The Longest Common Subsequence is a problem in **computer science** where we try to find the longest sequence that appears in two or more sequences. 

### Recursive Solution
A **recursive solution** is a way to solve a problem by breaking it down into smaller versions of the same problem. In this case, it's applied to the Longest Common Subsequence problem.

---

## ⚙️ How It Works (if applicable)
The video likely explains how to use recursion to solve the Longest Common Subsequence problem, but the specifics are not provided on this webpage.

---

## ⭐ Important Features
• **Video Title**: ""19 Longest common subsequence Recursive"" suggests it's part of a series or a specific lesson.
• **YouTube Features**: The page links to various YouTube features like pressing, copyright, and terms.

---

## 💡 Why This Matters
Understanding the Longest Common Subsequence and how to solve it recursively can be important for **computer programming** and **data analysis**, helping in tasks such as comparing genetic sequences or text files.

---

## ⚠️ Things to Remember
> The webpage does not clearly mention the specifics of the video content or its target audience.

---

## 📊 Important Numbers or Facts
| Item | Value |
| ---- | ----- |
| Video Title | 19 Longest common subsequence Recursive |

---

## 🧠 Simple Example
Think of the Longest Common Subsequence like finding the longest word that appears in two different sentences. For example, if we have the sentences ""I like apples"" and ""Apples are yummy"", the longest common subsequence would be ""apples"".

---

## ✅ Final Summary
This webpage is about a YouTube video titled ""19 Longest common subsequence Recursive"", which likely discusses solving the Longest Common Subsequence problem using recursion. The video is part of a programming or computer science lesson. The specifics of the video content are not provided on the webpage, but understanding the Longest Common Subsequence is important for various applications in computer programming. The webpage also provides access to YouTube's features and policies.",,,2026-06-29 01:32:59.236794
